value,description
0.00,"At the edge of the abyss, where nothing exists."
0.01,"A faint glimmer of hope, just beginning to emerge."
0.02,"A small spark, barely noticeable in the vastness."
0.03,"The first signs of life, struggling to thrive."
0.04,"An uncertain path, full of potential but fraught with challenges."
0.05,"The midpoint, a balance between risk and reward."
0.06,"A confident stride, moving towards brighter horizons."
0.07,"A vibrant pulse, full of energy and promise."
0.08,"A flourishing presence, radiating strength and assurance."
0.09,"On the brink of greatness, almost there but not quite."
0.10,"A flicker of optimism, hinting at future possibilities."
0.11,"A cautious advance, testing the waters ahead."
0.12,"A steady climb, gaining momentum with each step."
0.13,"A hopeful ascent, fueled by determination."
0.14,"A balanced approach, weighing every option carefully."
0.15,"A growing presence, starting to take shape."
0.16,"A determined effort, carving out a niche."
0.17,"A promising venture, full of potential."
0.18,"A strong foundation, ready for expansion."
0.19,"A curious exploration, seeking new horizons."
0.20,"A cautious optimism, beginning to manifest."
0.21,"A vibrant endeavor, brimming with possibilities."
0.22,"A confident leap, embracing the unknown."
0.23,"A blossoming ambition, reaching for the stars."
0.24,"A dynamic force, gaining traction with each step."
0.25,"A significant milestone, marking the journey."
0.26,"A robust presence, echoing with potential."
0.27,"An adventurous spirit, ready to forge ahead."
0.28,"A bold initiative, paving the way for success."
0.29,"A rising tide, lifting all boats."
0.30,"A solid commitment, standing firm in the face of challenges."
0.31,"A lively journey, filled with unexpected twists."
0.32,"A clear vision, guiding the path forward."
0.33,"A growing influence, shaping the landscape."
0.34,"A determined resolve, pushing through barriers."
0.35,"A radiant glow, illuminating the way."
0.36,"An inspiring story, waiting to unfold."
0.37,"A flourishing opportunity, just around the corner."
0.38,"A strategic maneuver, positioning for success."
0.39,"A vibrant community, coming together in unity."
0.40,"A pivotal moment, ready to define the future."
0.41,"A powerful surge, breaking through limitations."
0.42,"A confident stride, moving forward with purpose."
0.43,"A strong heartbeat, echoing with life."
0.44,"An expanding horizon, filled with promise."
0.45,"A determined march, resolute in its path."
0.46,"A harmonious balance, finding equilibrium."
0.47,"An exciting adventure, brimming with discovery."
0.48,"A fruitful endeavor, yielding rewards."
0.49,"A radiant sunrise, marking a new beginning."
0.50,"The midpoint, a balance between risk and reward."
0.51,"A hopeful ascent, fueled by determination."
0.52,"A steady climb, gaining momentum with each step."
0.53,"A confident advance, ready to face the challenges."
0.54,"A vibrant journey, full of potential."
0.55,"A blossoming future, waiting to unfold."
0.56,"A promising opportunity, beckoning from afar."
0.57,"A rising star, shining brightly in the night."
0.58,"A dynamic presence, energizing the surroundings."
0.59,"A strong foundation, ready to support growth."
0.60,"A flourishing moment, capturing the essence of success."
0.61,"A radiant vision, guiding the path ahead."
0.62,"A bold leap, embracing new possibilities."
0.63,"A vibrant pulse, full of life and energy."
0.64,"A bright path, illuminated by hope."
0.65,"A significant breakthrough, paving the way forward."
0.66,"A powerful wave, reshaping the landscape."
0.67,"A confident approach, embracing the journey."
0.68,"A flourishing spirit, ready to soar."
0.69,"An inspiring journey, filled with potential."
0.70,"A celebratory moment, marking success."
0.71,"A steady rise, climbing higher with each step."
0.72,"A vibrant opportunity, waiting to be seized."
0.73,"A confident stride, moving towards greatness."
0.74,"A radiant glow, illuminating the path ahead."
0.75,"A transformative experience, ready to unfold."
0.76,"A powerful force, driving towards success."
0.77,"A promising future, filled with possibilities."
0.78,"A dynamic journey, rich with discovery."
0.79,"A hopeful ascent, reaching new heights."
0.80,"A vibrant expression, celebrating achievement."
0.81,"A flourishing moment, filled with promise."
0.82,"A confident embrace, welcoming the future."
0.83,"An exciting adventure, brimming with potential."
0.84,"A steady heartbeat, echoing with life."
0.85,"A radiant dawn, signaling new beginnings."
0.86,"A strong connection, binding the journey."
0.87,"A vibrant legacy, waiting to be written."
0.88,"A bold vision, guiding the way."
0.89,"A powerful moment, on the brink of greatness."
0.90,"A confident leap, embracing the unknown."
0.91,"A flourishing presence, radiating strength."
0.92,"A transformative journey, ready to take flight."
0.93,"A dynamic force, shaping the future."
0.94,"A bright star, shining in the night sky."
0.95,"A vibrant pulse, full of life and energy."
0.96,"A strong foundation, supporting growth."
0.97,"A radiant glow, illuminating the path ahead."
0.98,"A celebratory moment, marking the journey."
0.99,"On the brink of greatness, almost there but not quite."
1.00,"Total achievement, the pinnacle of success."